key,image,title,homepage,tracks
ud923,https://lh5.ggpht.com/wzdXuj_K5LRvUF3lRjFcOzNsDkqjSsFOw-hXO2jC4fS0cETu0FUmzNmaCqP1B295nEhOFTewBml-GX8RF68=s0#w=1728&h=1062,Introduction to Operating Systems,https://www.udacity.com/course/introduction-to-operating-systems--ud923?utm_medium=referral&utm_campaign=api,Georgia Tech Masters in CS
ud459,https://lh3.googleusercontent.com/Pb0nWySWyAWnotDDcetjlldoMvh7YurzS-ERshfEDtb1VYiahpCbtWufyZVUqNb9_DJiYyGreU-FG1nnKfQ=s0#w=1389&h=788,Intro to Information Security,https://www.udacity.com/course/intro-to-information-security--ud459?utm_medium=referral&utm_campaign=api,Georgia Tech Masters in CS
ud189,https://lh3.ggpht.com/SdbdPteIUGqjQT9M1z3FlEXulgHFwj60lYsnHovptPyAtE3U8bHF2ic2qUuxQs8D6zngFi2yEOUES1fOD3G-=s0#w=1724&h=1060,Advanced Operating Systems,https://www.udacity.com/course/advanced-operating-systems--ud189?utm_medium=referral&utm_campaign=api,Georgia Tech Masters in CS
ud061,https://lh6.ggpht.com/vYYjAYFZd3PyNKSsdHNQWCRx4BK4eNnc1-rEn956UjR2e1PyA9UMeFXE-Z08yNGaz4nPtZJR4nQcTe0WhwUl=s0#w=1724&h=1060,"Computability, Complexity & Algorithms",https://www.udacity.com/course/computability-complexity-algorithms--ud061?utm_medium=referral&utm_campaign=api,Georgia Tech Masters in CS
ud409,https://lh3.ggpht.com/-JBocyEV8fz8jHy4stIq_HVt-CqCNpvmxwUQuOT7UMiM5zRJ6-5lDI92eUL6Ibvogdhvq2TmpHeR58y9jQqh=s0#w=1724&h=1060,Knowledge-Based AI: Cognitive Systems,https://www.udacity.com/course/knowledge-based-ai-cognitive-systems--ud409?utm_medium=referral&utm_campaign=api,Georgia Tech Masters in CS
ud501,https://lh3.googleusercontent.com/sstOlcko2U-Ah4Ot8xu0I-6JLpzHVlvwwjCNQ9fq7GW6YOKxdii1gxgUs44bt5qsy5qTT7kDCRu2GHiFrw=s0#w=1355&h=776,Machine Learning for Trading,https://www.udacity.com/course/machine-learning-for-trading--ud501?utm_medium=referral&utm_campaign=api,Georgia Tech Masters in CS
ud007,https://lh6.ggpht.com/B1ND8fPrO0w0c7DZKdolG_brq4519bpZD8c93pETdLHXJZ-RTwDV4U2ODrMjQGA3wsecR-AvfqQQGPY-xg=s0#w=1725&h=1060,High Performance Computer Architecture,https://www.udacity.com/course/high-performance-computer-architecture--ud007?utm_medium=referral&utm_campaign=api,Georgia Tech Masters in CS
ud281,https://lh3.googleusercontent.com/dd4IV3owDGDCyA3rmrTcmTuTlFSinNXTcjkcyxxBhqGEeNobLr2Ol_qv75V_6V8y1pvD0fa4e9aGgZbyfKo=s0#w=1292&h=790,High Performance Computing,https://www.udacity.com/course/high-performance-computing--ud281?utm_medium=referral&utm_campaign=api,Georgia Tech Masters in CS
ud809,https://lh4.ggpht.com/7s3hjNWMv_mWstvK72kQn-L-5QxkIoIxNUIt6PoYLtn9F_Rtk5FFn2emBuwBqccNTgmSSc0M9vatJnYKx9gQ=s0#w=872&h=536,Health Informatics in the Cloud,https://www.udacity.com/course/health-informatics-in-the-cloud--ud809?utm_medium=referral&utm_campaign=api,Georgia Tech Masters in CS
ud436,https://lh3.ggpht.com/PwqnZYeOVbWr4a3Qn3WkmZNzRlf6acf7EbQoGCBAqrmn1pOFrsX5vVr4WUHGTOaqslvjDY864Q8X2-o9ENU=s0#w=1725&h=1060,Computer Networking,https://www.udacity.com/course/computer-networking--ud436?utm_medium=referral&utm_campaign=api,Georgia Tech Masters in CS
ud955,https://lh3.ggpht.com/NPkAVmaCxDtgPa217cAkhz8ncvLs9zKQVbfqeYwIXJ9GBuICYSI74-41Wy6p867bmRsZDdzOwOEbm79V8TE=s0#w=1060&h=651,Computational Photography,https://www.udacity.com/course/computational-photography--ud955?utm_medium=referral&utm_campaign=api,Georgia Tech Masters in CS
ud805,https://lh4.ggpht.com/ghBERRE992L2Ueec3QyDH5xPVoNztaQvTTZ9POSDbZRAmYXoFiGN2TROmzJnP8hWIB05NM219nDWQrnSVw=s0#w=1724&h=1060,Software Development Process,https://www.udacity.com/course/software-development-process--ud805?utm_medium=referral&utm_campaign=api,Georgia Tech Masters in CS
ud821,https://lh3.ggpht.com/5ZaG0rk58jrfNdi0S89uZ4PfA-ae6dxhQYv1Zp3jktqqhiHf9XwSSaoVt6_0l-D0qrZwPOf52hGDIY40bMJP=s0#w=1725&h=1060,Software Architecture & Design,https://www.udacity.com/course/software-architecture-design--ud821?utm_medium=referral&utm_campaign=api,Georgia Tech Masters in CS
cs373,https://lh4.ggpht.com/dTaG60Lui_XeUUEDkZsIp7-RP7g6SLNWyHG9bbaZG2yDp24Mnc6R2tjzME5WNLlJdi6IJQM-YCwO_gEzug=s0#w=436&h=268,Artificial Intelligence for Robotics,https://www.udacity.com/course/artificial-intelligence-for-robotics--cs373?utm_medium=referral&utm_campaign=api,Georgia Tech Masters in CS
ud810,https://lh3.googleusercontent.com/uWE0231t3xM35vp8r30Nd2D3mXcX8fetc_5riLYaETXj0tC1f9OD5rF1ZMIZGsODc-yf6AdLgEZg97cgN0bA=s0#w=1440&h=885,Introduction to Computer Vision,https://www.udacity.com/course/introduction-to-computer-vision--ud810?utm_medium=referral&utm_campaign=api,Georgia Tech Masters in CS
ud915,https://lh3.googleusercontent.com/ghpGxX7Tl2qgIiGFWqbC9YUTgi0lZczirI5CRtbeFvFtCiilon6wuOvp45NE2vVZH4s9UOi9o4lfiIOBcG0=s0#w=1214&h=808,Educational Technology,https://www.udacity.com/course/educational-technology--ud915?utm_medium=referral&utm_campaign=api,Georgia Tech Masters in CS
ud600,https://lh3.googleusercontent.com/pt1vxMCUDY1FFAyiff0s7ZrIivaUhYvNz3wP3RrkLLYScqh3lVWlqGEnRLKjgzIZC8yHP4XAguxIR-8ZE6A=s0#w=1287&h=782,Reinforcement Learning,https://www.udacity.com/course/reinforcement-learning--ud600?utm_medium=referral&utm_campaign=api,Georgia Tech Masters in CS
ud953,,Linear Algebra Refresher Course,https://www.udacity.com/course/linear-algebra-refresher-course--ud953?utm_medium=referral&utm_campaign=api,Georgia Tech Masters in CS
ud262,https://lh3.ggpht.com/qYa_klGgwhsrYg9HIo6U7ln4B10p1zJvNy5i_0iyowC8RiRMJ8c2mfJToAqOA8SRS36ziDkGmluycIj-GQ=s0#w=1150&h=706,Machine Learning,https://www.udacity.com/course/machine-learning--ud262?utm_medium=referral&utm_campaign=api,Georgia Tech Masters in CS
ud098,https://lh4.ggpht.com/mxbXeNtIMEhL0fCWbu9mlS0ozDSVkSlFg_tAYugac8ENfgPP0q796lCaVaSUfpjBsLEpX7Y1MdiPikDryeQk=s0#w=976&h=600,GT - Refresher - Advanced OS,https://www.udacity.com/course/gt-refresher-advanced-os--ud098?utm_medium=referral&utm_campaign=api,Georgia Tech Masters in CS
